CSVv2;OperatingPoint, measurementType, sysType, jetFlavor, etaMin, etaMax, ptMin, ptMax, discrMin, discrMax, formula 
0, tp, central, 0, 0, 2.4, 30, 1000, 0, 1, "7.24244e-01/7.77343e-01" 
0, tp, down, 0, 0, 2.4, 30, 1000, 0, 1, "(7.24244e-01-2.70931e-02)/(7.77343e-01+1.82914e-02)" 
0, tp, up, 0, 0, 2.4, 30, 1000, 0, 1, "(7.24244e-01+2.70931e-02)/(7.77343e-01-1.82914e-02)" 
0, tp, central, 1, 0, 2.4, 30, 1000, 0, 1, "7.24244e-01/7.77343e-01" 
0, tp, down, 1, 0, 2.4, 30, 1000, 0, 1, "(7.24244e-01-2.70931e-02)/(7.77343e-01+1.82914e-02)" 
0, tp, up, 1, 0, 2.4, 30, 1000, 0, 1, "(7.24244e-01+2.70931e-02)/(7.77343e-01-1.82914e-02)" 
0, zcontrol, central, 2, 0, 2.4, 30, 1000, 0, 1, "0.965697931523" 
0, zcontrol, down, 2, 0, 2.4, 30, 1000, 0, 1, "0.965697931523 - 0.00413143766367" 
0, zcontrol, up, 2, 0, 2.4, 30, 1000, 0, 1, "0.965697931523 + 0.00413143766367" 
